[
  {
    "YEAR":2018,
    "MONTH_NUM":12,
    "MONTH":"December",
    "count":45,
    "prev_year":2017
  },
  {
    "YEAR":2019,
    "MONTH_NUM":1,
    "MONTH":"January",
    "count":66,
    "prev_year":2018
  },
  {
    "YEAR":2019,
    "MONTH_NUM":2,
    "MONTH":"February",
    "count":249,
    "prev_year":2018
  },
  {
    "YEAR":2019,
    "MONTH_NUM":3,
    "MONTH":"March",
    "count":939,
    "prev_year":2018
  },
  {
    "YEAR":2019,
    "MONTH_NUM":4,
    "MONTH":"April",
    "count":1578,
    "prev_year":2018
  },
  {
    "YEAR":2019,
    "MONTH_NUM":5,
    "MONTH":"May",
    "count":3382,
    "prev_year":2018
  },
  {
    "YEAR":2019,
    "MONTH_NUM":6,
    "MONTH":"June",
    "count":1712,
    "prev_year":2018
  },
  {
    "YEAR":2019,
    "MONTH_NUM":7,
    "MONTH":"July",
    "count":1230,
    "prev_year":2018
  },
  {
    "YEAR":2019,
    "MONTH_NUM":8,
    "MONTH":"August",
    "count":790,
    "prev_year":2018
  },
  {
    "YEAR":2019,
    "MONTH_NUM":9,
    "MONTH":"September",
    "count":982,
    "prev_year":2018
  },
  {
    "YEAR":2019,
    "MONTH_NUM":10,
    "MONTH":"October",
    "count":1296,
    "prev_year":2018
  },
  {
    "YEAR":2019,
    "MONTH_NUM":11,
    "MONTH":"November",
    "count":481,
    "prev_year":2018
  },
  {
    "YEAR":2019,
    "MONTH_NUM":12,
    "MONTH":"December",
    "count":412,
    "prev_year":2018
  },
  {
    "YEAR":2020,
    "MONTH_NUM":1,
    "MONTH":"January",
    "count":903,
    "prev_year":2019
  },
  {
    "YEAR":2020,
    "MONTH_NUM":2,
    "MONTH":"February",
    "count":306,
    "prev_year":2019
  },
  {
    "YEAR":2020,
    "MONTH_NUM":3,
    "MONTH":"March",
    "count":693,
    "prev_year":2019
  },
  {
    "YEAR":2020,
    "MONTH_NUM":4,
    "MONTH":"April",
    "count":1345,
    "prev_year":2019
  },
  {
    "YEAR":2020,
    "MONTH_NUM":5,
    "MONTH":"May",
    "count":4787,
    "prev_year":2019
  },
  {
    "YEAR":2020,
    "MONTH_NUM":6,
    "MONTH":"June",
    "count":1114,
    "prev_year":2019
  },
  {
    "YEAR":2020,
    "MONTH_NUM":7,
    "MONTH":"July",
    "count":766,
    "prev_year":2019
  },
  {
    "YEAR":2020,
    "MONTH_NUM":8,
    "MONTH":"August",
    "count":563,
    "prev_year":2019
  },
  {
    "YEAR":2020,
    "MONTH_NUM":9,
    "MONTH":"September",
    "count":443,
    "prev_year":2019
  },
  {
    "YEAR":2020,
    "MONTH_NUM":10,
    "MONTH":"October",
    "count":672,
    "prev_year":2019
  },
  {
    "YEAR":2020,
    "MONTH_NUM":11,
    "MONTH":"November",
    "count":422,
    "prev_year":2019
  },
  {
    "YEAR":2020,
    "MONTH_NUM":12,
    "MONTH":"December",
    "count":499,
    "prev_year":2019
  },
  {
    "YEAR":2021,
    "MONTH_NUM":1,
    "MONTH":"January",
    "count":289,
    "prev_year":2020
  },
  {
    "YEAR":2021,
    "MONTH_NUM":2,
    "MONTH":"February",
    "count":450,
    "prev_year":2020
  },
  {
    "YEAR":2021,
    "MONTH_NUM":3,
    "MONTH":"March",
    "count":499,
    "prev_year":2020
  },
  {
    "YEAR":2021,
    "MONTH_NUM":4,
    "MONTH":"April",
    "count":435,
    "prev_year":2020
  },
  {
    "YEAR":2021,
    "MONTH_NUM":5,
    "MONTH":"May",
    "count":569,
    "prev_year":2020
  },
  {
    "YEAR":2021,
    "MONTH_NUM":6,
    "MONTH":"June",
    "count":2447,
    "prev_year":2020
  },
  {
    "YEAR":2021,
    "MONTH_NUM":7,
    "MONTH":"July",
    "count":740,
    "prev_year":2020
  },
  {
    "YEAR":2021,
    "MONTH_NUM":8,
    "MONTH":"August",
    "count":662,
    "prev_year":2020
  },
  {
    "YEAR":2021,
    "MONTH_NUM":9,
    "MONTH":"September",
    "count":324,
    "prev_year":2020
  },
  {
    "YEAR":2021,
    "MONTH_NUM":10,
    "MONTH":"October",
    "count":1377,
    "prev_year":2020
  },
  {
    "YEAR":2021,
    "MONTH_NUM":11,
    "MONTH":"November",
    "count":372,
    "prev_year":2020
  },
  {
    "YEAR":2021,
    "MONTH_NUM":12,
    "MONTH":"December",
    "count":492,
    "prev_year":2020
  },
  {
    "YEAR":2022,
    "MONTH_NUM":1,
    "MONTH":"January",
    "count":379,
    "prev_year":2021
  },
  {
    "YEAR":2022,
    "MONTH_NUM":2,
    "MONTH":"February",
    "count":1142,
    "prev_year":2021
  },
  {
    "YEAR":2022,
    "MONTH_NUM":3,
    "MONTH":"March",
    "count":1258,
    "prev_year":2021
  },
  {
    "YEAR":2022,
    "MONTH_NUM":4,
    "MONTH":"April",
    "count":1168,
    "prev_year":2021
  },
  {
    "YEAR":2022,
    "MONTH_NUM":5,
    "MONTH":"May",
    "count":1483,
    "prev_year":2021
  },
  {
    "YEAR":2022,
    "MONTH_NUM":6,
    "MONTH":"June",
    "count":809,
    "prev_year":2021
  },
  {
    "YEAR":2022,
    "MONTH_NUM":7,
    "MONTH":"July",
    "count":1919,
    "prev_year":2021
  },
  {
    "YEAR":2022,
    "MONTH_NUM":8,
    "MONTH":"August",
    "count":581,
    "prev_year":2021
  },
  {
    "YEAR":2022,
    "MONTH_NUM":9,
    "MONTH":"September",
    "count":3478,
    "prev_year":2021
  },
  {
    "YEAR":2022,
    "MONTH_NUM":10,
    "MONTH":"October",
    "count":484,
    "prev_year":2021
  },
  {
    "YEAR":2022,
    "MONTH_NUM":11,
    "MONTH":"November",
    "count":352,
    "prev_year":2021
  },
  {
    "YEAR":2022,
    "MONTH_NUM":12,
    "MONTH":"December",
    "count":660,
    "prev_year":2021
  },
  {
    "YEAR":2023,
    "MONTH_NUM":1,
    "MONTH":"January",
    "count":741,
    "prev_year":2022
  },
  {
    "YEAR":2023,
    "MONTH_NUM":2,
    "MONTH":"February",
    "count":1836,
    "prev_year":2022
  },
  {
    "YEAR":2023,
    "MONTH_NUM":3,
    "MONTH":"March",
    "count":995,
    "prev_year":2022
  },
  {
    "YEAR":2023,
    "MONTH_NUM":4,
    "MONTH":"April",
    "count":728,
    "prev_year":2022
  },
  {
    "YEAR":2023,
    "MONTH_NUM":5,
    "MONTH":"May",
    "count":416,
    "prev_year":2022
  },
  {
    "YEAR":2023,
    "MONTH_NUM":6,
    "MONTH":"June",
    "count":571,
    "prev_year":2022
  },
  {
    "YEAR":2023,
    "MONTH_NUM":7,
    "MONTH":"July",
    "count":14958,
    "prev_year":2022
  },
  {
    "YEAR":2023,
    "MONTH_NUM":8,
    "MONTH":"August",
    "count":1478,
    "prev_year":2022
  },
  {
    "YEAR":2023,
    "MONTH_NUM":9,
    "MONTH":"September",
    "count":963,
    "prev_year":2022
  },
  {
    "YEAR":2023,
    "MONTH_NUM":10,
    "MONTH":"October",
    "count":570,
    "prev_year":2022
  },
  {
    "YEAR":2023,
    "MONTH_NUM":11,
    "MONTH":"November",
    "count":369,
    "prev_year":2022
  },
  {
    "YEAR":2023,
    "MONTH_NUM":12,
    "MONTH":"December",
    "count":689,
    "prev_year":2022
  },
  {
    "YEAR":2024,
    "MONTH_NUM":1,
    "MONTH":"January",
    "count":1514,
    "prev_year":2023
  },
  {
    "YEAR":2024,
    "MONTH_NUM":2,
    "MONTH":"February",
    "count":520,
    "prev_year":2023
  },
  {
    "YEAR":2024,
    "MONTH_NUM":3,
    "MONTH":"March",
    "count":1585,
    "prev_year":2023
  },
  {
    "YEAR":2024,
    "MONTH_NUM":4,
    "MONTH":"April",
    "count":1637,
    "prev_year":2023
  },
  {
    "YEAR":2024,
    "MONTH_NUM":5,
    "MONTH":"May",
    "count":2362,
    "prev_year":2023
  },
  {
    "YEAR":2024,
    "MONTH_NUM":6,
    "MONTH":"June",
    "count":927,
    "prev_year":2023
  },
  {
    "YEAR":2024,
    "MONTH_NUM":7,
    "MONTH":"July",
    "count":1122,
    "prev_year":2023
  },
  {
    "YEAR":2024,
    "MONTH_NUM":8,
    "MONTH":"August",
    "count":718,
    "prev_year":2023
  },
  {
    "YEAR":2024,
    "MONTH_NUM":9,
    "MONTH":"September",
    "count":714,
    "prev_year":2023
  },
  {
    "YEAR":2024,
    "MONTH_NUM":10,
    "MONTH":"October",
    "count":412,
    "prev_year":2023
  },
  {
    "YEAR":2024,
    "MONTH_NUM":11,
    "MONTH":"November",
    "count":588,
    "prev_year":2023
  },
  {
    "YEAR":2024,
    "MONTH_NUM":12,
    "MONTH":"December",
    "count":564,
    "prev_year":2023
  },
  {
    "YEAR":2025,
    "MONTH_NUM":1,
    "MONTH":"January",
    "count":430,
    "prev_year":2024
  }
]