[
    {
      "YearMonth":"2018-12",
      "ZIP_CODE":"60619",
      "count":2
    },
    {
      "YearMonth":"2018-12",
      "ZIP_CODE":"60620",
      "count":2
    },
    {
      "YearMonth":"2018-12",
      "ZIP_CODE":"60628",
      "count":2
    },
    {
      "YearMonth":"2018-12",
      "ZIP_CODE":"60634",
      "count":1
    },
    {
      "YearMonth":"2018-12",
      "ZIP_CODE":"60651",
      "count":1
    },
    {
      "YearMonth":"2019-01",
      "ZIP_CODE":"60617",
      "count":5
    },
    {
      "YearMonth":"2019-01",
      "ZIP_CODE":"60619",
      "count":1
    },
    {
      "YearMonth":"2019-01",
      "ZIP_CODE":"60620",
      "count":4
    },
    {
      "YearMonth":"2019-01",
      "ZIP_CODE":"60628",
      "count":3
    },
    {
      "YearMonth":"2019-01",
      "ZIP_CODE":"60634",
      "count":2
    },
    {
      "YearMonth":"2019-01",
      "ZIP_CODE":"60641",
      "count":1
    },
    {
      "YearMonth":"2019-01",
      "ZIP_CODE":"60643",
      "count":2
    },
    {
      "YearMonth":"2019-01",
      "ZIP_CODE":"60651",
      "count":2
    },
    {
      "YearMonth":"2019-02",
      "ZIP_CODE":"60617",
      "count":17
    },
    {
      "YearMonth":"2019-02",
      "ZIP_CODE":"60619",
      "count":8
    },
    {
      "YearMonth":"2019-02",
      "ZIP_CODE":"60620",
      "count":4
    },
    {
      "YearMonth":"2019-02",
      "ZIP_CODE":"60628",
      "count":9
    },
    {
      "YearMonth":"2019-02",
      "ZIP_CODE":"60634",
      "count":1
    },
    {
      "YearMonth":"2019-02",
      "ZIP_CODE":"60639",
      "count":2
    },
    {
      "YearMonth":"2019-02",
      "ZIP_CODE":"60641",
      "count":4
    },
    {
      "YearMonth":"2019-02",
      "ZIP_CODE":"60643",
      "count":6
    },
    {
      "YearMonth":"2019-02",
      "ZIP_CODE":"60644",
      "count":2
    },
    {
      "YearMonth":"2019-02",
      "ZIP_CODE":"60651",
      "count":5
    },
    {
      "YearMonth":"2019-03",
      "ZIP_CODE":"60617",
      "count":41
    },
    {
      "YearMonth":"2019-03",
      "ZIP_CODE":"60619",
      "count":25
    },
    {
      "YearMonth":"2019-03",
      "ZIP_CODE":"60620",
      "count":43
    },
    {
      "YearMonth":"2019-03",
      "ZIP_CODE":"60628",
      "count":29
    },
    {
      "YearMonth":"2019-03",
      "ZIP_CODE":"60634",
      "count":38
    },
    {
      "YearMonth":"2019-03",
      "ZIP_CODE":"60639",
      "count":32
    },
    {
      "YearMonth":"2019-03",
      "ZIP_CODE":"60641",
      "count":24
    },
    {
      "YearMonth":"2019-03",
      "ZIP_CODE":"60643",
      "count":24
    },
    {
      "YearMonth":"2019-03",
      "ZIP_CODE":"60644",
      "count":15
    },
    {
      "YearMonth":"2019-03",
      "ZIP_CODE":"60651",
      "count":24
    },
    {
      "YearMonth":"2019-04",
      "ZIP_CODE":"60617",
      "count":109
    },
    {
      "YearMonth":"2019-04",
      "ZIP_CODE":"60619",
      "count":66
    },
    {
      "YearMonth":"2019-04",
      "ZIP_CODE":"60620",
      "count":73
    },
    {
      "YearMonth":"2019-04",
      "ZIP_CODE":"60628",
      "count":111
    },
    {
      "YearMonth":"2019-04",
      "ZIP_CODE":"60634",
      "count":42
    },
    {
      "YearMonth":"2019-04",
      "ZIP_CODE":"60639",
      "count":39
    },
    {
      "YearMonth":"2019-04",
      "ZIP_CODE":"60641",
      "count":42
    },
    {
      "YearMonth":"2019-04",
      "ZIP_CODE":"60643",
      "count":43
    },
    {
      "YearMonth":"2019-04",
      "ZIP_CODE":"60644",
      "count":37
    },
    {
      "YearMonth":"2019-04",
      "ZIP_CODE":"60651",
      "count":37
    },
    {
      "YearMonth":"2019-05",
      "ZIP_CODE":"60617",
      "count":219
    },
    {
      "YearMonth":"2019-05",
      "ZIP_CODE":"60619",
      "count":178
    },
    {
      "YearMonth":"2019-05",
      "ZIP_CODE":"60620",
      "count":281
    },
    {
      "YearMonth":"2019-05",
      "ZIP_CODE":"60628",
      "count":221
    },
    {
      "YearMonth":"2019-05",
      "ZIP_CODE":"60634",
      "count":92
    },
    {
      "YearMonth":"2019-05",
      "ZIP_CODE":"60639",
      "count":93
    },
    {
      "YearMonth":"2019-05",
      "ZIP_CODE":"60641",
      "count":64
    },
    {
      "YearMonth":"2019-05",
      "ZIP_CODE":"60643",
      "count":214
    },
    {
      "YearMonth":"2019-05",
      "ZIP_CODE":"60644",
      "count":44
    },
    {
      "YearMonth":"2019-05",
      "ZIP_CODE":"60651",
      "count":57
    },
    {
      "YearMonth":"2019-06",
      "ZIP_CODE":"60617",
      "count":53
    },
    {
      "YearMonth":"2019-06",
      "ZIP_CODE":"60619",
      "count":84
    },
    {
      "YearMonth":"2019-06",
      "ZIP_CODE":"60620",
      "count":79
    },
    {
      "YearMonth":"2019-06",
      "ZIP_CODE":"60628",
      "count":72
    },
    {
      "YearMonth":"2019-06",
      "ZIP_CODE":"60634",
      "count":28
    },
    {
      "YearMonth":"2019-06",
      "ZIP_CODE":"60639",
      "count":62
    },
    {
      "YearMonth":"2019-06",
      "ZIP_CODE":"60641",
      "count":35
    },
    {
      "YearMonth":"2019-06",
      "ZIP_CODE":"60643",
      "count":56
    },
    {
      "YearMonth":"2019-06",
      "ZIP_CODE":"60644",
      "count":26
    },
    {
      "YearMonth":"2019-06",
      "ZIP_CODE":"60651",
      "count":33
    },
    {
      "YearMonth":"2019-07",
      "ZIP_CODE":"60617",
      "count":61
    },
    {
      "YearMonth":"2019-07",
      "ZIP_CODE":"60619",
      "count":60
    },
    {
      "YearMonth":"2019-07",
      "ZIP_CODE":"60620",
      "count":69
    },
    {
      "YearMonth":"2019-07",
      "ZIP_CODE":"60628",
      "count":64
    },
    {
      "YearMonth":"2019-07",
      "ZIP_CODE":"60634",
      "count":27
    },
    {
      "YearMonth":"2019-07",
      "ZIP_CODE":"60639",
      "count":17
    },
    {
      "YearMonth":"2019-07",
      "ZIP_CODE":"60641",
      "count":19
    },
    {
      "YearMonth":"2019-07",
      "ZIP_CODE":"60643",
      "count":33
    },
    {
      "YearMonth":"2019-07",
      "ZIP_CODE":"60644",
      "count":13
    },
    {
      "YearMonth":"2019-07",
      "ZIP_CODE":"60651",
      "count":24
    },
    {
      "YearMonth":"2019-08",
      "ZIP_CODE":"60617",
      "count":29
    },
    {
      "YearMonth":"2019-08",
      "ZIP_CODE":"60619",
      "count":26
    },
    {
      "YearMonth":"2019-08",
      "ZIP_CODE":"60620",
      "count":47
    },
    {
      "YearMonth":"2019-08",
      "ZIP_CODE":"60628",
      "count":28
    },
    {
      "YearMonth":"2019-08",
      "ZIP_CODE":"60634",
      "count":20
    },
    {
      "YearMonth":"2019-08",
      "ZIP_CODE":"60639",
      "count":33
    },
    {
      "YearMonth":"2019-08",
      "ZIP_CODE":"60641",
      "count":14
    },
    {
      "YearMonth":"2019-08",
      "ZIP_CODE":"60643",
      "count":24
    },
    {
      "YearMonth":"2019-08",
      "ZIP_CODE":"60644",
      "count":11
    },
    {
      "YearMonth":"2019-08",
      "ZIP_CODE":"60651",
      "count":10
    },
    {
      "YearMonth":"2019-09",
      "ZIP_CODE":"60617",
      "count":57
    },
    {
      "YearMonth":"2019-09",
      "ZIP_CODE":"60619",
      "count":54
    },
    {
      "YearMonth":"2019-09",
      "ZIP_CODE":"60620",
      "count":48
    },
    {
      "YearMonth":"2019-09",
      "ZIP_CODE":"60628",
      "count":68
    },
    {
      "YearMonth":"2019-09",
      "ZIP_CODE":"60634",
      "count":32
    },
    {
      "YearMonth":"2019-09",
      "ZIP_CODE":"60639",
      "count":22
    },
    {
      "YearMonth":"2019-09",
      "ZIP_CODE":"60641",
      "count":17
    },
    {
      "YearMonth":"2019-09",
      "ZIP_CODE":"60643",
      "count":36
    },
    {
      "YearMonth":"2019-09",
      "ZIP_CODE":"60644",
      "count":22
    },
    {
      "YearMonth":"2019-09",
      "ZIP_CODE":"60651",
      "count":29
    },
    {
      "YearMonth":"2019-10",
      "ZIP_CODE":"60617",
      "count":52
    },
    {
      "YearMonth":"2019-10",
      "ZIP_CODE":"60619",
      "count":51
    },
    {
      "YearMonth":"2019-10",
      "ZIP_CODE":"60620",
      "count":39
    },
    {
      "YearMonth":"2019-10",
      "ZIP_CODE":"60628",
      "count":61
    },
    {
      "YearMonth":"2019-10",
      "ZIP_CODE":"60634",
      "count":145
    },
    {
      "YearMonth":"2019-10",
      "ZIP_CODE":"60639",
      "count":35
    },
    {
      "YearMonth":"2019-10",
      "ZIP_CODE":"60641",
      "count":78
    },
    {
      "YearMonth":"2019-10",
      "ZIP_CODE":"60643",
      "count":35
    },
    {
      "YearMonth":"2019-10",
      "ZIP_CODE":"60644",
      "count":27
    },
    {
      "YearMonth":"2019-10",
      "ZIP_CODE":"60651",
      "count":23
    },
    {
      "YearMonth":"2019-11",
      "ZIP_CODE":"60617",
      "count":19
    },
    {
      "YearMonth":"2019-11",
      "ZIP_CODE":"60619",
      "count":13
    },
    {
      "YearMonth":"2019-11",
      "ZIP_CODE":"60620",
      "count":25
    },
    {
      "YearMonth":"2019-11",
      "ZIP_CODE":"60628",
      "count":14
    },
    {
      "YearMonth":"2019-11",
      "ZIP_CODE":"60634",
      "count":9
    },
    {
      "YearMonth":"2019-11",
      "ZIP_CODE":"60639",
      "count":20
    },
    {
      "YearMonth":"2019-11",
      "ZIP_CODE":"60641",
      "count":4
    },
    {
      "YearMonth":"2019-11",
      "ZIP_CODE":"60643",
      "count":20
    },
    {
      "YearMonth":"2019-11",
      "ZIP_CODE":"60644",
      "count":4
    },
    {
      "YearMonth":"2019-11",
      "ZIP_CODE":"60651",
      "count":5
    },
    {
      "YearMonth":"2019-12",
      "ZIP_CODE":"60617",
      "count":20
    },
    {
      "YearMonth":"2019-12",
      "ZIP_CODE":"60619",
      "count":26
    },
    {
      "YearMonth":"2019-12",
      "ZIP_CODE":"60620",
      "count":8
    },
    {
      "YearMonth":"2019-12",
      "ZIP_CODE":"60628",
      "count":27
    },
    {
      "YearMonth":"2019-12",
      "ZIP_CODE":"60634",
      "count":14
    },
    {
      "YearMonth":"2019-12",
      "ZIP_CODE":"60639",
      "count":8
    },
    {
      "YearMonth":"2019-12",
      "ZIP_CODE":"60641",
      "count":3
    },
    {
      "YearMonth":"2019-12",
      "ZIP_CODE":"60643",
      "count":15
    },
    {
      "YearMonth":"2019-12",
      "ZIP_CODE":"60644",
      "count":10
    },
    {
      "YearMonth":"2019-12",
      "ZIP_CODE":"60651",
      "count":7
    },
    {
      "YearMonth":"2020-01",
      "ZIP_CODE":"60617",
      "count":46
    },
    {
      "YearMonth":"2020-01",
      "ZIP_CODE":"60619",
      "count":50
    },
    {
      "YearMonth":"2020-01",
      "ZIP_CODE":"60620",
      "count":51
    },
    {
      "YearMonth":"2020-01",
      "ZIP_CODE":"60628",
      "count":44
    },
    {
      "YearMonth":"2020-01",
      "ZIP_CODE":"60634",
      "count":23
    },
    {
      "YearMonth":"2020-01",
      "ZIP_CODE":"60639",
      "count":20
    },
    {
      "YearMonth":"2020-01",
      "ZIP_CODE":"60641",
      "count":9
    },
    {
      "YearMonth":"2020-01",
      "ZIP_CODE":"60643",
      "count":42
    },
    {
      "YearMonth":"2020-01",
      "ZIP_CODE":"60644",
      "count":16
    },
    {
      "YearMonth":"2020-01",
      "ZIP_CODE":"60651",
      "count":18
    },
    {
      "YearMonth":"2020-02",
      "ZIP_CODE":"60617",
      "count":17
    },
    {
      "YearMonth":"2020-02",
      "ZIP_CODE":"60619",
      "count":16
    },
    {
      "YearMonth":"2020-02",
      "ZIP_CODE":"60620",
      "count":11
    },
    {
      "YearMonth":"2020-02",
      "ZIP_CODE":"60628",
      "count":13
    },
    {
      "YearMonth":"2020-02",
      "ZIP_CODE":"60634",
      "count":5
    },
    {
      "YearMonth":"2020-02",
      "ZIP_CODE":"60639",
      "count":7
    },
    {
      "YearMonth":"2020-02",
      "ZIP_CODE":"60641",
      "count":4
    },
    {
      "YearMonth":"2020-02",
      "ZIP_CODE":"60643",
      "count":4
    },
    {
      "YearMonth":"2020-02",
      "ZIP_CODE":"60644",
      "count":2
    },
    {
      "YearMonth":"2020-02",
      "ZIP_CODE":"60651",
      "count":2
    },
    {
      "YearMonth":"2020-03",
      "ZIP_CODE":"60617",
      "count":40
    },
    {
      "YearMonth":"2020-03",
      "ZIP_CODE":"60619",
      "count":28
    },
    {
      "YearMonth":"2020-03",
      "ZIP_CODE":"60620",
      "count":14
    },
    {
      "YearMonth":"2020-03",
      "ZIP_CODE":"60628",
      "count":47
    },
    {
      "YearMonth":"2020-03",
      "ZIP_CODE":"60634",
      "count":26
    },
    {
      "YearMonth":"2020-03",
      "ZIP_CODE":"60639",
      "count":29
    },
    {
      "YearMonth":"2020-03",
      "ZIP_CODE":"60641",
      "count":21
    },
    {
      "YearMonth":"2020-03",
      "ZIP_CODE":"60643",
      "count":22
    },
    {
      "YearMonth":"2020-03",
      "ZIP_CODE":"60644",
      "count":13
    },
    {
      "YearMonth":"2020-03",
      "ZIP_CODE":"60651",
      "count":13
    },
    {
      "YearMonth":"2020-04",
      "ZIP_CODE":"60617",
      "count":66
    },
    {
      "YearMonth":"2020-04",
      "ZIP_CODE":"60619",
      "count":67
    },
    {
      "YearMonth":"2020-04",
      "ZIP_CODE":"60620",
      "count":62
    },
    {
      "YearMonth":"2020-04",
      "ZIP_CODE":"60628",
      "count":98
    },
    {
      "YearMonth":"2020-04",
      "ZIP_CODE":"60634",
      "count":45
    },
    {
      "YearMonth":"2020-04",
      "ZIP_CODE":"60639",
      "count":34
    },
    {
      "YearMonth":"2020-04",
      "ZIP_CODE":"60641",
      "count":28
    },
    {
      "YearMonth":"2020-04",
      "ZIP_CODE":"60643",
      "count":50
    },
    {
      "YearMonth":"2020-04",
      "ZIP_CODE":"60644",
      "count":38
    },
    {
      "YearMonth":"2020-04",
      "ZIP_CODE":"60651",
      "count":48
    },
    {
      "YearMonth":"2020-05",
      "ZIP_CODE":"60617",
      "count":144
    },
    {
      "YearMonth":"2020-05",
      "ZIP_CODE":"60619",
      "count":161
    },
    {
      "YearMonth":"2020-05",
      "ZIP_CODE":"60620",
      "count":223
    },
    {
      "YearMonth":"2020-05",
      "ZIP_CODE":"60628",
      "count":200
    },
    {
      "YearMonth":"2020-05",
      "ZIP_CODE":"60634",
      "count":195
    },
    {
      "YearMonth":"2020-05",
      "ZIP_CODE":"60639",
      "count":159
    },
    {
      "YearMonth":"2020-05",
      "ZIP_CODE":"60641",
      "count":116
    },
    {
      "YearMonth":"2020-05",
      "ZIP_CODE":"60643",
      "count":136
    },
    {
      "YearMonth":"2020-05",
      "ZIP_CODE":"60644",
      "count":108
    },
    {
      "YearMonth":"2020-05",
      "ZIP_CODE":"60651",
      "count":178
    },
    {
      "YearMonth":"2020-06",
      "ZIP_CODE":"60617",
      "count":43
    },
    {
      "YearMonth":"2020-06",
      "ZIP_CODE":"60619",
      "count":45
    },
    {
      "YearMonth":"2020-06",
      "ZIP_CODE":"60620",
      "count":47
    },
    {
      "YearMonth":"2020-06",
      "ZIP_CODE":"60628",
      "count":42
    },
    {
      "YearMonth":"2020-06",
      "ZIP_CODE":"60634",
      "count":49
    },
    {
      "YearMonth":"2020-06",
      "ZIP_CODE":"60639",
      "count":55
    },
    {
      "YearMonth":"2020-06",
      "ZIP_CODE":"60641",
      "count":16
    },
    {
      "YearMonth":"2020-06",
      "ZIP_CODE":"60643",
      "count":28
    },
    {
      "YearMonth":"2020-06",
      "ZIP_CODE":"60644",
      "count":18
    },
    {
      "YearMonth":"2020-06",
      "ZIP_CODE":"60651",
      "count":26
    },
    {
      "YearMonth":"2020-07",
      "ZIP_CODE":"60617",
      "count":40
    },
    {
      "YearMonth":"2020-07",
      "ZIP_CODE":"60619",
      "count":51
    },
    {
      "YearMonth":"2020-07",
      "ZIP_CODE":"60620",
      "count":41
    },
    {
      "YearMonth":"2020-07",
      "ZIP_CODE":"60628",
      "count":36
    },
    {
      "YearMonth":"2020-07",
      "ZIP_CODE":"60634",
      "count":16
    },
    {
      "YearMonth":"2020-07",
      "ZIP_CODE":"60639",
      "count":20
    },
    {
      "YearMonth":"2020-07",
      "ZIP_CODE":"60641",
      "count":10
    },
    {
      "YearMonth":"2020-07",
      "ZIP_CODE":"60643",
      "count":30
    },
    {
      "YearMonth":"2020-07",
      "ZIP_CODE":"60644",
      "count":6
    },
    {
      "YearMonth":"2020-07",
      "ZIP_CODE":"60651",
      "count":9
    },
    {
      "YearMonth":"2020-08",
      "ZIP_CODE":"60617",
      "count":30
    },
    {
      "YearMonth":"2020-08",
      "ZIP_CODE":"60619",
      "count":25
    },
    {
      "YearMonth":"2020-08",
      "ZIP_CODE":"60620",
      "count":13
    },
    {
      "YearMonth":"2020-08",
      "ZIP_CODE":"60628",
      "count":19
    },
    {
      "YearMonth":"2020-08",
      "ZIP_CODE":"60634",
      "count":11
    },
    {
      "YearMonth":"2020-08",
      "ZIP_CODE":"60639",
      "count":5
    },
    {
      "YearMonth":"2020-08",
      "ZIP_CODE":"60641",
      "count":5
    },
    {
      "YearMonth":"2020-08",
      "ZIP_CODE":"60643",
      "count":12
    },
    {
      "YearMonth":"2020-08",
      "ZIP_CODE":"60644",
      "count":5
    },
    {
      "YearMonth":"2020-08",
      "ZIP_CODE":"60651",
      "count":4
    },
    {
      "YearMonth":"2020-09",
      "ZIP_CODE":"60617",
      "count":19
    },
    {
      "YearMonth":"2020-09",
      "ZIP_CODE":"60619",
      "count":16
    },
    {
      "YearMonth":"2020-09",
      "ZIP_CODE":"60620",
      "count":13
    },
    {
      "YearMonth":"2020-09",
      "ZIP_CODE":"60628",
      "count":23
    },
    {
      "YearMonth":"2020-09",
      "ZIP_CODE":"60634",
      "count":13
    },
    {
      "YearMonth":"2020-09",
      "ZIP_CODE":"60639",
      "count":14
    },
    {
      "YearMonth":"2020-09",
      "ZIP_CODE":"60641",
      "count":14
    },
    {
      "YearMonth":"2020-09",
      "ZIP_CODE":"60643",
      "count":22
    },
    {
      "YearMonth":"2020-09",
      "ZIP_CODE":"60644",
      "count":5
    },
    {
      "YearMonth":"2020-09",
      "ZIP_CODE":"60651",
      "count":8
    },
    {
      "YearMonth":"2020-10",
      "ZIP_CODE":"60617",
      "count":26
    },
    {
      "YearMonth":"2020-10",
      "ZIP_CODE":"60619",
      "count":23
    },
    {
      "YearMonth":"2020-10",
      "ZIP_CODE":"60620",
      "count":38
    },
    {
      "YearMonth":"2020-10",
      "ZIP_CODE":"60628",
      "count":26
    },
    {
      "YearMonth":"2020-10",
      "ZIP_CODE":"60634",
      "count":20
    },
    {
      "YearMonth":"2020-10",
      "ZIP_CODE":"60639",
      "count":28
    },
    {
      "YearMonth":"2020-10",
      "ZIP_CODE":"60641",
      "count":16
    },
    {
      "YearMonth":"2020-10",
      "ZIP_CODE":"60643",
      "count":29
    },
    {
      "YearMonth":"2020-10",
      "ZIP_CODE":"60644",
      "count":7
    },
    {
      "YearMonth":"2020-10",
      "ZIP_CODE":"60651",
      "count":26
    },
    {
      "YearMonth":"2020-11",
      "ZIP_CODE":"60617",
      "count":23
    },
    {
      "YearMonth":"2020-11",
      "ZIP_CODE":"60619",
      "count":25
    },
    {
      "YearMonth":"2020-11",
      "ZIP_CODE":"60620",
      "count":19
    },
    {
      "YearMonth":"2020-11",
      "ZIP_CODE":"60628",
      "count":30
    },
    {
      "YearMonth":"2020-11",
      "ZIP_CODE":"60634",
      "count":8
    },
    {
      "YearMonth":"2020-11",
      "ZIP_CODE":"60639",
      "count":10
    },
    {
      "YearMonth":"2020-11",
      "ZIP_CODE":"60641",
      "count":10
    },
    {
      "YearMonth":"2020-11",
      "ZIP_CODE":"60643",
      "count":17
    },
    {
      "YearMonth":"2020-11",
      "ZIP_CODE":"60644",
      "count":8
    },
    {
      "YearMonth":"2020-11",
      "ZIP_CODE":"60651",
      "count":8
    },
    {
      "YearMonth":"2020-12",
      "ZIP_CODE":"60617",
      "count":18
    },
    {
      "YearMonth":"2020-12",
      "ZIP_CODE":"60619",
      "count":23
    },
    {
      "YearMonth":"2020-12",
      "ZIP_CODE":"60620",
      "count":21
    },
    {
      "YearMonth":"2020-12",
      "ZIP_CODE":"60628",
      "count":31
    },
    {
      "YearMonth":"2020-12",
      "ZIP_CODE":"60634",
      "count":17
    },
    {
      "YearMonth":"2020-12",
      "ZIP_CODE":"60639",
      "count":11
    },
    {
      "YearMonth":"2020-12",
      "ZIP_CODE":"60641",
      "count":13
    },
    {
      "YearMonth":"2020-12",
      "ZIP_CODE":"60643",
      "count":33
    },
    {
      "YearMonth":"2020-12",
      "ZIP_CODE":"60644",
      "count":6
    },
    {
      "YearMonth":"2020-12",
      "ZIP_CODE":"60651",
      "count":13
    },
    {
      "YearMonth":"2021-01",
      "ZIP_CODE":"60617",
      "count":21
    },
    {
      "YearMonth":"2021-01",
      "ZIP_CODE":"60619",
      "count":16
    },
    {
      "YearMonth":"2021-01",
      "ZIP_CODE":"60620",
      "count":13
    },
    {
      "YearMonth":"2021-01",
      "ZIP_CODE":"60628",
      "count":18
    },
    {
      "YearMonth":"2021-01",
      "ZIP_CODE":"60634",
      "count":11
    },
    {
      "YearMonth":"2021-01",
      "ZIP_CODE":"60639",
      "count":6
    },
    {
      "YearMonth":"2021-01",
      "ZIP_CODE":"60641",
      "count":1
    },
    {
      "YearMonth":"2021-01",
      "ZIP_CODE":"60643",
      "count":13
    },
    {
      "YearMonth":"2021-01",
      "ZIP_CODE":"60644",
      "count":8
    },
    {
      "YearMonth":"2021-01",
      "ZIP_CODE":"60651",
      "count":8
    },
    {
      "YearMonth":"2021-02",
      "ZIP_CODE":"60617",
      "count":26
    },
    {
      "YearMonth":"2021-02",
      "ZIP_CODE":"60619",
      "count":16
    },
    {
      "YearMonth":"2021-02",
      "ZIP_CODE":"60620",
      "count":29
    },
    {
      "YearMonth":"2021-02",
      "ZIP_CODE":"60628",
      "count":30
    },
    {
      "YearMonth":"2021-02",
      "ZIP_CODE":"60634",
      "count":17
    },
    {
      "YearMonth":"2021-02",
      "ZIP_CODE":"60639",
      "count":10
    },
    {
      "YearMonth":"2021-02",
      "ZIP_CODE":"60641",
      "count":12
    },
    {
      "YearMonth":"2021-02",
      "ZIP_CODE":"60643",
      "count":29
    },
    {
      "YearMonth":"2021-02",
      "ZIP_CODE":"60644",
      "count":9
    },
    {
      "YearMonth":"2021-02",
      "ZIP_CODE":"60651",
      "count":14
    },
    {
      "YearMonth":"2021-03",
      "ZIP_CODE":"60617",
      "count":25
    },
    {
      "YearMonth":"2021-03",
      "ZIP_CODE":"60619",
      "count":35
    },
    {
      "YearMonth":"2021-03",
      "ZIP_CODE":"60620",
      "count":31
    },
    {
      "YearMonth":"2021-03",
      "ZIP_CODE":"60628",
      "count":28
    },
    {
      "YearMonth":"2021-03",
      "ZIP_CODE":"60634",
      "count":21
    },
    {
      "YearMonth":"2021-03",
      "ZIP_CODE":"60639",
      "count":17
    },
    {
      "YearMonth":"2021-03",
      "ZIP_CODE":"60641",
      "count":16
    },
    {
      "YearMonth":"2021-03",
      "ZIP_CODE":"60643",
      "count":24
    },
    {
      "YearMonth":"2021-03",
      "ZIP_CODE":"60644",
      "count":10
    },
    {
      "YearMonth":"2021-03",
      "ZIP_CODE":"60651",
      "count":13
    },
    {
      "YearMonth":"2021-04",
      "ZIP_CODE":"60617",
      "count":44
    },
    {
      "YearMonth":"2021-04",
      "ZIP_CODE":"60619",
      "count":19
    },
    {
      "YearMonth":"2021-04",
      "ZIP_CODE":"60620",
      "count":27
    },
    {
      "YearMonth":"2021-04",
      "ZIP_CODE":"60628",
      "count":24
    },
    {
      "YearMonth":"2021-04",
      "ZIP_CODE":"60634",
      "count":7
    },
    {
      "YearMonth":"2021-04",
      "ZIP_CODE":"60639",
      "count":9
    },
    {
      "YearMonth":"2021-04",
      "ZIP_CODE":"60641",
      "count":5
    },
    {
      "YearMonth":"2021-04",
      "ZIP_CODE":"60643",
      "count":22
    },
    {
      "YearMonth":"2021-04",
      "ZIP_CODE":"60644",
      "count":4
    },
    {
      "YearMonth":"2021-04",
      "ZIP_CODE":"60651",
      "count":8
    },
    {
      "YearMonth":"2021-05",
      "ZIP_CODE":"60617",
      "count":24
    },
    {
      "YearMonth":"2021-05",
      "ZIP_CODE":"60619",
      "count":16
    },
    {
      "YearMonth":"2021-05",
      "ZIP_CODE":"60620",
      "count":45
    },
    {
      "YearMonth":"2021-05",
      "ZIP_CODE":"60628",
      "count":58
    },
    {
      "YearMonth":"2021-05",
      "ZIP_CODE":"60634",
      "count":20
    },
    {
      "YearMonth":"2021-05",
      "ZIP_CODE":"60639",
      "count":10
    },
    {
      "YearMonth":"2021-05",
      "ZIP_CODE":"60641",
      "count":12
    },
    {
      "YearMonth":"2021-05",
      "ZIP_CODE":"60643",
      "count":29
    },
    {
      "YearMonth":"2021-05",
      "ZIP_CODE":"60644",
      "count":5
    },
    {
      "YearMonth":"2021-05",
      "ZIP_CODE":"60651",
      "count":6
    },
    {
      "YearMonth":"2021-06",
      "ZIP_CODE":"60617",
      "count":120
    },
    {
      "YearMonth":"2021-06",
      "ZIP_CODE":"60619",
      "count":83
    },
    {
      "YearMonth":"2021-06",
      "ZIP_CODE":"60620",
      "count":84
    },
    {
      "YearMonth":"2021-06",
      "ZIP_CODE":"60628",
      "count":135
    },
    {
      "YearMonth":"2021-06",
      "ZIP_CODE":"60634",
      "count":93
    },
    {
      "YearMonth":"2021-06",
      "ZIP_CODE":"60639",
      "count":119
    },
    {
      "YearMonth":"2021-06",
      "ZIP_CODE":"60641",
      "count":53
    },
    {
      "YearMonth":"2021-06",
      "ZIP_CODE":"60643",
      "count":81
    },
    {
      "YearMonth":"2021-06",
      "ZIP_CODE":"60644",
      "count":68
    },
    {
      "YearMonth":"2021-06",
      "ZIP_CODE":"60651",
      "count":140
    },
    {
      "YearMonth":"2021-07",
      "ZIP_CODE":"60617",
      "count":29
    },
    {
      "YearMonth":"2021-07",
      "ZIP_CODE":"60619",
      "count":32
    },
    {
      "YearMonth":"2021-07",
      "ZIP_CODE":"60620",
      "count":28
    },
    {
      "YearMonth":"2021-07",
      "ZIP_CODE":"60628",
      "count":46
    },
    {
      "YearMonth":"2021-07",
      "ZIP_CODE":"60634",
      "count":23
    },
    {
      "YearMonth":"2021-07",
      "ZIP_CODE":"60639",
      "count":26
    },
    {
      "YearMonth":"2021-07",
      "ZIP_CODE":"60641",
      "count":14
    },
    {
      "YearMonth":"2021-07",
      "ZIP_CODE":"60643",
      "count":20
    },
    {
      "YearMonth":"2021-07",
      "ZIP_CODE":"60644",
      "count":10
    },
    {
      "YearMonth":"2021-07",
      "ZIP_CODE":"60651",
      "count":35
    },
    {
      "YearMonth":"2021-08",
      "ZIP_CODE":"60617",
      "count":22
    },
    {
      "YearMonth":"2021-08",
      "ZIP_CODE":"60619",
      "count":21
    },
    {
      "YearMonth":"2021-08",
      "ZIP_CODE":"60620",
      "count":17
    },
    {
      "YearMonth":"2021-08",
      "ZIP_CODE":"60628",
      "count":29
    },
    {
      "YearMonth":"2021-08",
      "ZIP_CODE":"60634",
      "count":15
    },
    {
      "YearMonth":"2021-08",
      "ZIP_CODE":"60639",
      "count":16
    },
    {
      "YearMonth":"2021-08",
      "ZIP_CODE":"60641",
      "count":18
    },
    {
      "YearMonth":"2021-08",
      "ZIP_CODE":"60643",
      "count":17
    },
    {
      "YearMonth":"2021-08",
      "ZIP_CODE":"60644",
      "count":10
    },
    {
      "YearMonth":"2021-08",
      "ZIP_CODE":"60651",
      "count":17
    },
    {
      "YearMonth":"2021-09",
      "ZIP_CODE":"60617",
      "count":14
    },
    {
      "YearMonth":"2021-09",
      "ZIP_CODE":"60619",
      "count":8
    },
    {
      "YearMonth":"2021-09",
      "ZIP_CODE":"60620",
      "count":21
    },
    {
      "YearMonth":"2021-09",
      "ZIP_CODE":"60628",
      "count":21
    },
    {
      "YearMonth":"2021-09",
      "ZIP_CODE":"60634",
      "count":6
    },
    {
      "YearMonth":"2021-09",
      "ZIP_CODE":"60639",
      "count":3
    },
    {
      "YearMonth":"2021-09",
      "ZIP_CODE":"60641",
      "count":14
    },
    {
      "YearMonth":"2021-09",
      "ZIP_CODE":"60643",
      "count":10
    },
    {
      "YearMonth":"2021-09",
      "ZIP_CODE":"60644",
      "count":1
    },
    {
      "YearMonth":"2021-09",
      "ZIP_CODE":"60651",
      "count":6
    },
    {
      "YearMonth":"2021-10",
      "ZIP_CODE":"60617",
      "count":73
    },
    {
      "YearMonth":"2021-10",
      "ZIP_CODE":"60619",
      "count":40
    },
    {
      "YearMonth":"2021-10",
      "ZIP_CODE":"60620",
      "count":49
    },
    {
      "YearMonth":"2021-10",
      "ZIP_CODE":"60628",
      "count":75
    },
    {
      "YearMonth":"2021-10",
      "ZIP_CODE":"60634",
      "count":35
    },
    {
      "YearMonth":"2021-10",
      "ZIP_CODE":"60639",
      "count":37
    },
    {
      "YearMonth":"2021-10",
      "ZIP_CODE":"60641",
      "count":58
    },
    {
      "YearMonth":"2021-10",
      "ZIP_CODE":"60643",
      "count":42
    },
    {
      "YearMonth":"2021-10",
      "ZIP_CODE":"60644",
      "count":18
    },
    {
      "YearMonth":"2021-10",
      "ZIP_CODE":"60651",
      "count":39
    },
    {
      "YearMonth":"2021-11",
      "ZIP_CODE":"60617",
      "count":19
    },
    {
      "YearMonth":"2021-11",
      "ZIP_CODE":"60619",
      "count":24
    },
    {
      "YearMonth":"2021-11",
      "ZIP_CODE":"60620",
      "count":9
    },
    {
      "YearMonth":"2021-11",
      "ZIP_CODE":"60628",
      "count":16
    },
    {
      "YearMonth":"2021-11",
      "ZIP_CODE":"60634",
      "count":12
    },
    {
      "YearMonth":"2021-11",
      "ZIP_CODE":"60639",
      "count":6
    },
    {
      "YearMonth":"2021-11",
      "ZIP_CODE":"60641",
      "count":12
    },
    {
      "YearMonth":"2021-11",
      "ZIP_CODE":"60643",
      "count":18
    },
    {
      "YearMonth":"2021-11",
      "ZIP_CODE":"60651",
      "count":5
    },
    {
      "YearMonth":"2021-12",
      "ZIP_CODE":"60617",
      "count":14
    },
    {
      "YearMonth":"2021-12",
      "ZIP_CODE":"60619",
      "count":14
    },
    {
      "YearMonth":"2021-12",
      "ZIP_CODE":"60620",
      "count":13
    },
    {
      "YearMonth":"2021-12",
      "ZIP_CODE":"60628",
      "count":25
    },
    {
      "YearMonth":"2021-12",
      "ZIP_CODE":"60634",
      "count":9
    },
    {
      "YearMonth":"2021-12",
      "ZIP_CODE":"60639",
      "count":11
    },
    {
      "YearMonth":"2021-12",
      "ZIP_CODE":"60641",
      "count":17
    },
    {
      "YearMonth":"2021-12",
      "ZIP_CODE":"60643",
      "count":16
    },
    {
      "YearMonth":"2021-12",
      "ZIP_CODE":"60644",
      "count":16
    },
    {
      "YearMonth":"2021-12",
      "ZIP_CODE":"60651",
      "count":15
    },
    {
      "YearMonth":"2022-01",
      "ZIP_CODE":"60617",
      "count":23
    },
    {
      "YearMonth":"2022-01",
      "ZIP_CODE":"60619",
      "count":15
    },
    {
      "YearMonth":"2022-01",
      "ZIP_CODE":"60620",
      "count":19
    },
    {
      "YearMonth":"2022-01",
      "ZIP_CODE":"60628",
      "count":17
    },
    {
      "YearMonth":"2022-01",
      "ZIP_CODE":"60634",
      "count":16
    },
    {
      "YearMonth":"2022-01",
      "ZIP_CODE":"60639",
      "count":12
    },
    {
      "YearMonth":"2022-01",
      "ZIP_CODE":"60641",
      "count":9
    },
    {
      "YearMonth":"2022-01",
      "ZIP_CODE":"60643",
      "count":16
    },
    {
      "YearMonth":"2022-01",
      "ZIP_CODE":"60644",
      "count":4
    },
    {
      "YearMonth":"2022-01",
      "ZIP_CODE":"60651",
      "count":7
    },
    {
      "YearMonth":"2022-02",
      "ZIP_CODE":"60617",
      "count":39
    },
    {
      "YearMonth":"2022-02",
      "ZIP_CODE":"60619",
      "count":42
    },
    {
      "YearMonth":"2022-02",
      "ZIP_CODE":"60620",
      "count":76
    },
    {
      "YearMonth":"2022-02",
      "ZIP_CODE":"60628",
      "count":57
    },
    {
      "YearMonth":"2022-02",
      "ZIP_CODE":"60634",
      "count":32
    },
    {
      "YearMonth":"2022-02",
      "ZIP_CODE":"60639",
      "count":34
    },
    {
      "YearMonth":"2022-02",
      "ZIP_CODE":"60641",
      "count":29
    },
    {
      "YearMonth":"2022-02",
      "ZIP_CODE":"60643",
      "count":69
    },
    {
      "YearMonth":"2022-02",
      "ZIP_CODE":"60644",
      "count":23
    },
    {
      "YearMonth":"2022-02",
      "ZIP_CODE":"60651",
      "count":31
    },
    {
      "YearMonth":"2022-03",
      "ZIP_CODE":"60617",
      "count":53
    },
    {
      "YearMonth":"2022-03",
      "ZIP_CODE":"60619",
      "count":41
    },
    {
      "YearMonth":"2022-03",
      "ZIP_CODE":"60620",
      "count":46
    },
    {
      "YearMonth":"2022-03",
      "ZIP_CODE":"60628",
      "count":73
    },
    {
      "YearMonth":"2022-03",
      "ZIP_CODE":"60634",
      "count":25
    },
    {
      "YearMonth":"2022-03",
      "ZIP_CODE":"60639",
      "count":36
    },
    {
      "YearMonth":"2022-03",
      "ZIP_CODE":"60641",
      "count":42
    },
    {
      "YearMonth":"2022-03",
      "ZIP_CODE":"60643",
      "count":38
    },
    {
      "YearMonth":"2022-03",
      "ZIP_CODE":"60644",
      "count":35
    },
    {
      "YearMonth":"2022-03",
      "ZIP_CODE":"60651",
      "count":47
    },
    {
      "YearMonth":"2022-04",
      "ZIP_CODE":"60617",
      "count":40
    },
    {
      "YearMonth":"2022-04",
      "ZIP_CODE":"60619",
      "count":40
    },
    {
      "YearMonth":"2022-04",
      "ZIP_CODE":"60620",
      "count":42
    },
    {
      "YearMonth":"2022-04",
      "ZIP_CODE":"60628",
      "count":48
    },
    {
      "YearMonth":"2022-04",
      "ZIP_CODE":"60634",
      "count":29
    },
    {
      "YearMonth":"2022-04",
      "ZIP_CODE":"60639",
      "count":32
    },
    {
      "YearMonth":"2022-04",
      "ZIP_CODE":"60641",
      "count":31
    },
    {
      "YearMonth":"2022-04",
      "ZIP_CODE":"60643",
      "count":26
    },
    {
      "YearMonth":"2022-04",
      "ZIP_CODE":"60644",
      "count":18
    },
    {
      "YearMonth":"2022-04",
      "ZIP_CODE":"60651",
      "count":28
    },
    {
      "YearMonth":"2022-05",
      "ZIP_CODE":"60617",
      "count":67
    },
    {
      "YearMonth":"2022-05",
      "ZIP_CODE":"60619",
      "count":50
    },
    {
      "YearMonth":"2022-05",
      "ZIP_CODE":"60620",
      "count":52
    },
    {
      "YearMonth":"2022-05",
      "ZIP_CODE":"60628",
      "count":70
    },
    {
      "YearMonth":"2022-05",
      "ZIP_CODE":"60634",
      "count":39
    },
    {
      "YearMonth":"2022-05",
      "ZIP_CODE":"60639",
      "count":30
    },
    {
      "YearMonth":"2022-05",
      "ZIP_CODE":"60641",
      "count":38
    },
    {
      "YearMonth":"2022-05",
      "ZIP_CODE":"60643",
      "count":41
    },
    {
      "YearMonth":"2022-05",
      "ZIP_CODE":"60644",
      "count":20
    },
    {
      "YearMonth":"2022-05",
      "ZIP_CODE":"60651",
      "count":28
    },
    {
      "YearMonth":"2022-06",
      "ZIP_CODE":"60617",
      "count":44
    },
    {
      "YearMonth":"2022-06",
      "ZIP_CODE":"60619",
      "count":30
    },
    {
      "YearMonth":"2022-06",
      "ZIP_CODE":"60620",
      "count":25
    },
    {
      "YearMonth":"2022-06",
      "ZIP_CODE":"60628",
      "count":37
    },
    {
      "YearMonth":"2022-06",
      "ZIP_CODE":"60634",
      "count":19
    },
    {
      "YearMonth":"2022-06",
      "ZIP_CODE":"60639",
      "count":8
    },
    {
      "YearMonth":"2022-06",
      "ZIP_CODE":"60641",
      "count":16
    },
    {
      "YearMonth":"2022-06",
      "ZIP_CODE":"60643",
      "count":24
    },
    {
      "YearMonth":"2022-06",
      "ZIP_CODE":"60644",
      "count":13
    },
    {
      "YearMonth":"2022-06",
      "ZIP_CODE":"60651",
      "count":17
    },
    {
      "YearMonth":"2022-07",
      "ZIP_CODE":"60617",
      "count":45
    },
    {
      "YearMonth":"2022-07",
      "ZIP_CODE":"60619",
      "count":51
    },
    {
      "YearMonth":"2022-07",
      "ZIP_CODE":"60620",
      "count":104
    },
    {
      "YearMonth":"2022-07",
      "ZIP_CODE":"60628",
      "count":40
    },
    {
      "YearMonth":"2022-07",
      "ZIP_CODE":"60634",
      "count":15
    },
    {
      "YearMonth":"2022-07",
      "ZIP_CODE":"60639",
      "count":16
    },
    {
      "YearMonth":"2022-07",
      "ZIP_CODE":"60641",
      "count":10
    },
    {
      "YearMonth":"2022-07",
      "ZIP_CODE":"60643",
      "count":145
    },
    {
      "YearMonth":"2022-07",
      "ZIP_CODE":"60644",
      "count":10
    },
    {
      "YearMonth":"2022-07",
      "ZIP_CODE":"60651",
      "count":20
    },
    {
      "YearMonth":"2022-08",
      "ZIP_CODE":"60617",
      "count":39
    },
    {
      "YearMonth":"2022-08",
      "ZIP_CODE":"60619",
      "count":30
    },
    {
      "YearMonth":"2022-08",
      "ZIP_CODE":"60620",
      "count":47
    },
    {
      "YearMonth":"2022-08",
      "ZIP_CODE":"60628",
      "count":37
    },
    {
      "YearMonth":"2022-08",
      "ZIP_CODE":"60634",
      "count":9
    },
    {
      "YearMonth":"2022-08",
      "ZIP_CODE":"60639",
      "count":10
    },
    {
      "YearMonth":"2022-08",
      "ZIP_CODE":"60641",
      "count":16
    },
    {
      "YearMonth":"2022-08",
      "ZIP_CODE":"60643",
      "count":23
    },
    {
      "YearMonth":"2022-08",
      "ZIP_CODE":"60644",
      "count":1
    },
    {
      "YearMonth":"2022-08",
      "ZIP_CODE":"60651",
      "count":11
    },
    {
      "YearMonth":"2022-09",
      "ZIP_CODE":"60617",
      "count":18
    },
    {
      "YearMonth":"2022-09",
      "ZIP_CODE":"60619",
      "count":20
    },
    {
      "YearMonth":"2022-09",
      "ZIP_CODE":"60620",
      "count":24
    },
    {
      "YearMonth":"2022-09",
      "ZIP_CODE":"60628",
      "count":16
    },
    {
      "YearMonth":"2022-09",
      "ZIP_CODE":"60634",
      "count":313
    },
    {
      "YearMonth":"2022-09",
      "ZIP_CODE":"60639",
      "count":23
    },
    {
      "YearMonth":"2022-09",
      "ZIP_CODE":"60641",
      "count":524
    },
    {
      "YearMonth":"2022-09",
      "ZIP_CODE":"60643",
      "count":9
    },
    {
      "YearMonth":"2022-09",
      "ZIP_CODE":"60644",
      "count":12
    },
    {
      "YearMonth":"2022-09",
      "ZIP_CODE":"60651",
      "count":22
    },
    {
      "YearMonth":"2022-10",
      "ZIP_CODE":"60617",
      "count":16
    },
    {
      "YearMonth":"2022-10",
      "ZIP_CODE":"60619",
      "count":15
    },
    {
      "YearMonth":"2022-10",
      "ZIP_CODE":"60620",
      "count":25
    },
    {
      "YearMonth":"2022-10",
      "ZIP_CODE":"60628",
      "count":25
    },
    {
      "YearMonth":"2022-10",
      "ZIP_CODE":"60634",
      "count":9
    },
    {
      "YearMonth":"2022-10",
      "ZIP_CODE":"60639",
      "count":3
    },
    {
      "YearMonth":"2022-10",
      "ZIP_CODE":"60641",
      "count":15
    },
    {
      "YearMonth":"2022-10",
      "ZIP_CODE":"60643",
      "count":15
    },
    {
      "YearMonth":"2022-10",
      "ZIP_CODE":"60644",
      "count":5
    },
    {
      "YearMonth":"2022-10",
      "ZIP_CODE":"60651",
      "count":7
    },
    {
      "YearMonth":"2022-11",
      "ZIP_CODE":"60617",
      "count":1
    },
    {
      "YearMonth":"2022-11",
      "ZIP_CODE":"60628",
      "count":7
    },
    {
      "YearMonth":"2022-11",
      "ZIP_CODE":"60639",
      "count":1
    },
    {
      "YearMonth":"2022-11",
      "ZIP_CODE":"60641",
      "count":2
    },
    {
      "YearMonth":"2022-11",
      "ZIP_CODE":"60643",
      "count":3
    },
    {
      "YearMonth":"2022-11",
      "ZIP_CODE":"60644",
      "count":2
    },
    {
      "YearMonth":"2022-12",
      "ZIP_CODE":"60617",
      "count":1
    },
    {
      "YearMonth":"2022-12",
      "ZIP_CODE":"60628",
      "count":1
    },
    {
      "YearMonth":"2022-12",
      "ZIP_CODE":"60634",
      "count":2
    },
    {
      "YearMonth":"2022-12",
      "ZIP_CODE":"60651",
      "count":2
    },
    {
      "YearMonth":"2023-01",
      "ZIP_CODE":"60619",
      "count":1
    },
    {
      "YearMonth":"2023-01",
      "ZIP_CODE":"60641",
      "count":2
    },
    {
      "YearMonth":"2023-01",
      "ZIP_CODE":"60651",
      "count":2
    },
    {
      "YearMonth":"2023-02",
      "ZIP_CODE":"60617",
      "count":3
    },
    {
      "YearMonth":"2023-02",
      "ZIP_CODE":"60619",
      "count":2
    },
    {
      "YearMonth":"2023-02",
      "ZIP_CODE":"60620",
      "count":1
    },
    {
      "YearMonth":"2023-02",
      "ZIP_CODE":"60634",
      "count":3
    },
    {
      "YearMonth":"2023-02",
      "ZIP_CODE":"60639",
      "count":4
    },
    {
      "YearMonth":"2023-02",
      "ZIP_CODE":"60641",
      "count":3
    },
    {
      "YearMonth":"2023-02",
      "ZIP_CODE":"60643",
      "count":2
    },
    {
      "YearMonth":"2023-02",
      "ZIP_CODE":"60651",
      "count":3
    },
    {
      "YearMonth":"2023-03",
      "ZIP_CODE":"60617",
      "count":1
    },
    {
      "YearMonth":"2023-03",
      "ZIP_CODE":"60619",
      "count":2
    },
    {
      "YearMonth":"2023-03",
      "ZIP_CODE":"60641",
      "count":2
    },
    {
      "YearMonth":"2023-03",
      "ZIP_CODE":"60643",
      "count":3
    },
    {
      "YearMonth":"2023-03",
      "ZIP_CODE":"60651",
      "count":1
    },
    {
      "YearMonth":"2023-04",
      "ZIP_CODE":"60617",
      "count":1
    },
    {
      "YearMonth":"2023-04",
      "ZIP_CODE":"60619",
      "count":1
    },
    {
      "YearMonth":"2023-04",
      "ZIP_CODE":"60620",
      "count":2
    },
    {
      "YearMonth":"2023-04",
      "ZIP_CODE":"60628",
      "count":1
    },
    {
      "YearMonth":"2023-04",
      "ZIP_CODE":"60634",
      "count":2
    },
    {
      "YearMonth":"2023-04",
      "ZIP_CODE":"60643",
      "count":4
    },
    {
      "YearMonth":"2023-04",
      "ZIP_CODE":"60644",
      "count":1
    },
    {
      "YearMonth":"2023-05",
      "ZIP_CODE":"60617",
      "count":19
    },
    {
      "YearMonth":"2023-05",
      "ZIP_CODE":"60619",
      "count":16
    },
    {
      "YearMonth":"2023-05",
      "ZIP_CODE":"60620",
      "count":11
    },
    {
      "YearMonth":"2023-05",
      "ZIP_CODE":"60628",
      "count":13
    },
    {
      "YearMonth":"2023-05",
      "ZIP_CODE":"60634",
      "count":5
    },
    {
      "YearMonth":"2023-05",
      "ZIP_CODE":"60639",
      "count":5
    },
    {
      "YearMonth":"2023-05",
      "ZIP_CODE":"60641",
      "count":3
    },
    {
      "YearMonth":"2023-05",
      "ZIP_CODE":"60643",
      "count":5
    },
    {
      "YearMonth":"2023-05",
      "ZIP_CODE":"60644",
      "count":9
    },
    {
      "YearMonth":"2023-05",
      "ZIP_CODE":"60651",
      "count":3
    },
    {
      "YearMonth":"2023-06",
      "ZIP_CODE":"60617",
      "count":19
    },
    {
      "YearMonth":"2023-06",
      "ZIP_CODE":"60619",
      "count":22
    },
    {
      "YearMonth":"2023-06",
      "ZIP_CODE":"60620",
      "count":19
    },
    {
      "YearMonth":"2023-06",
      "ZIP_CODE":"60628",
      "count":31
    },
    {
      "YearMonth":"2023-06",
      "ZIP_CODE":"60634",
      "count":13
    },
    {
      "YearMonth":"2023-06",
      "ZIP_CODE":"60639",
      "count":8
    },
    {
      "YearMonth":"2023-06",
      "ZIP_CODE":"60641",
      "count":12
    },
    {
      "YearMonth":"2023-06",
      "ZIP_CODE":"60643",
      "count":16
    },
    {
      "YearMonth":"2023-06",
      "ZIP_CODE":"60644",
      "count":8
    },
    {
      "YearMonth":"2023-06",
      "ZIP_CODE":"60651",
      "count":10
    },
    {
      "YearMonth":"2023-07",
      "ZIP_CODE":"60617",
      "count":553
    },
    {
      "YearMonth":"2023-07",
      "ZIP_CODE":"60619",
      "count":687
    },
    {
      "YearMonth":"2023-07",
      "ZIP_CODE":"60620",
      "count":232
    },
    {
      "YearMonth":"2023-07",
      "ZIP_CODE":"60628",
      "count":434
    },
    {
      "YearMonth":"2023-07",
      "ZIP_CODE":"60634",
      "count":263
    },
    {
      "YearMonth":"2023-07",
      "ZIP_CODE":"60639",
      "count":1035
    },
    {
      "YearMonth":"2023-07",
      "ZIP_CODE":"60641",
      "count":408
    },
    {
      "YearMonth":"2023-07",
      "ZIP_CODE":"60643",
      "count":224
    },
    {
      "YearMonth":"2023-07",
      "ZIP_CODE":"60644",
      "count":2537
    },
    {
      "YearMonth":"2023-07",
      "ZIP_CODE":"60651",
      "count":2317
    },
    {
      "YearMonth":"2023-08",
      "ZIP_CODE":"60617",
      "count":50
    },
    {
      "YearMonth":"2023-08",
      "ZIP_CODE":"60619",
      "count":58
    },
    {
      "YearMonth":"2023-08",
      "ZIP_CODE":"60620",
      "count":27
    },
    {
      "YearMonth":"2023-08",
      "ZIP_CODE":"60628",
      "count":32
    },
    {
      "YearMonth":"2023-08",
      "ZIP_CODE":"60634",
      "count":49
    },
    {
      "YearMonth":"2023-08",
      "ZIP_CODE":"60639",
      "count":78
    },
    {
      "YearMonth":"2023-08",
      "ZIP_CODE":"60641",
      "count":44
    },
    {
      "YearMonth":"2023-08",
      "ZIP_CODE":"60643",
      "count":27
    },
    {
      "YearMonth":"2023-08",
      "ZIP_CODE":"60644",
      "count":100
    },
    {
      "YearMonth":"2023-08",
      "ZIP_CODE":"60651",
      "count":102
    },
    {
      "YearMonth":"2023-09",
      "ZIP_CODE":"60617",
      "count":29
    },
    {
      "YearMonth":"2023-09",
      "ZIP_CODE":"60619",
      "count":27
    },
    {
      "YearMonth":"2023-09",
      "ZIP_CODE":"60620",
      "count":29
    },
    {
      "YearMonth":"2023-09",
      "ZIP_CODE":"60628",
      "count":45
    },
    {
      "YearMonth":"2023-09",
      "ZIP_CODE":"60634",
      "count":19
    },
    {
      "YearMonth":"2023-09",
      "ZIP_CODE":"60639",
      "count":17
    },
    {
      "YearMonth":"2023-09",
      "ZIP_CODE":"60641",
      "count":11
    },
    {
      "YearMonth":"2023-09",
      "ZIP_CODE":"60643",
      "count":16
    },
    {
      "YearMonth":"2023-09",
      "ZIP_CODE":"60644",
      "count":26
    },
    {
      "YearMonth":"2023-09",
      "ZIP_CODE":"60651",
      "count":28
    },
    {
      "YearMonth":"2023-10",
      "ZIP_CODE":"60617",
      "count":33
    },
    {
      "YearMonth":"2023-10",
      "ZIP_CODE":"60619",
      "count":12
    },
    {
      "YearMonth":"2023-10",
      "ZIP_CODE":"60620",
      "count":16
    },
    {
      "YearMonth":"2023-10",
      "ZIP_CODE":"60628",
      "count":19
    },
    {
      "YearMonth":"2023-10",
      "ZIP_CODE":"60634",
      "count":11
    },
    {
      "YearMonth":"2023-10",
      "ZIP_CODE":"60639",
      "count":8
    },
    {
      "YearMonth":"2023-10",
      "ZIP_CODE":"60641",
      "count":7
    },
    {
      "YearMonth":"2023-10",
      "ZIP_CODE":"60643",
      "count":12
    },
    {
      "YearMonth":"2023-10",
      "ZIP_CODE":"60644",
      "count":11
    },
    {
      "YearMonth":"2023-10",
      "ZIP_CODE":"60651",
      "count":8
    },
    {
      "YearMonth":"2023-11",
      "ZIP_CODE":"60617",
      "count":17
    },
    {
      "YearMonth":"2023-11",
      "ZIP_CODE":"60619",
      "count":10
    },
    {
      "YearMonth":"2023-11",
      "ZIP_CODE":"60620",
      "count":13
    },
    {
      "YearMonth":"2023-11",
      "ZIP_CODE":"60628",
      "count":20
    },
    {
      "YearMonth":"2023-11",
      "ZIP_CODE":"60634",
      "count":13
    },
    {
      "YearMonth":"2023-11",
      "ZIP_CODE":"60639",
      "count":16
    },
    {
      "YearMonth":"2023-11",
      "ZIP_CODE":"60641",
      "count":7
    },
    {
      "YearMonth":"2023-11",
      "ZIP_CODE":"60643",
      "count":8
    },
    {
      "YearMonth":"2023-11",
      "ZIP_CODE":"60644",
      "count":4
    },
    {
      "YearMonth":"2023-11",
      "ZIP_CODE":"60651",
      "count":5
    },
    {
      "YearMonth":"2023-12",
      "ZIP_CODE":"60617",
      "count":16
    },
    {
      "YearMonth":"2023-12",
      "ZIP_CODE":"60619",
      "count":18
    },
    {
      "YearMonth":"2023-12",
      "ZIP_CODE":"60620",
      "count":12
    },
    {
      "YearMonth":"2023-12",
      "ZIP_CODE":"60628",
      "count":35
    },
    {
      "YearMonth":"2023-12",
      "ZIP_CODE":"60634",
      "count":13
    },
    {
      "YearMonth":"2023-12",
      "ZIP_CODE":"60639",
      "count":5
    },
    {
      "YearMonth":"2023-12",
      "ZIP_CODE":"60641",
      "count":6
    },
    {
      "YearMonth":"2023-12",
      "ZIP_CODE":"60643",
      "count":17
    },
    {
      "YearMonth":"2023-12",
      "ZIP_CODE":"60644",
      "count":5
    },
    {
      "YearMonth":"2023-12",
      "ZIP_CODE":"60651",
      "count":10
    }
  ]