[
    {
      "ZIP_CODE":"60651",
      "count":3818
    },
    {
      "ZIP_CODE":"60644",
      "count":3607
    },
    {
      "ZIP_CODE":"60628",
      "count":3440
    },
    {
      "ZIP_CODE":"60617",
      "count":3219
    },
    {
      "ZIP_CODE":"60619",
      "count":3135
    },
    {
      "ZIP_CODE":"60620",
      "count":2925
    },
    {
      "ZIP_CODE":"60639",
      "count":2610
    },
    {
      "ZIP_CODE":"60643",
      "count":2425
    },
    {
      "ZIP_CODE":"60634",
      "count":2233
    },
    {
      "ZIP_CODE":"60641",
      "count":2195
    },
    {
      "ZIP_CODE":"60629",
      "count":2142
    },
    {
      "ZIP_CODE":"60618",
      "count":2080
    },
    {
      "ZIP_CODE":"60625",
      "count":1873
    },
    {
      "ZIP_CODE":"60630",
      "count":1821
    },
    {
      "ZIP_CODE":"60624",
      "count":1819
    },
    {
      "ZIP_CODE":"60623",
      "count":1783
    },
    {
      "ZIP_CODE":"60655",
      "count":1751
    },
    {
      "ZIP_CODE":"60647",
      "count":1689
    },
    {
      "ZIP_CODE":"60614",
      "count":1345
    },
    {
      "ZIP_CODE":"60649",
      "count":1328
    },
    {
      "ZIP_CODE":"60622",
      "count":1322
    },
    {
      "ZIP_CODE":"60640",
      "count":1269
    },
    {
      "ZIP_CODE":"60636",
      "count":1231
    },
    {
      "ZIP_CODE":"60632",
      "count":1160
    },
    {
      "ZIP_CODE":"60646",
      "count":1152
    },
    {
      "ZIP_CODE":"60652",
      "count":1142
    },
    {
      "ZIP_CODE":"60638",
      "count":1057
    },
    {
      "ZIP_CODE":"60659",
      "count":1030
    },
    {
      "ZIP_CODE":"60609",
      "count":1027
    },
    {
      "ZIP_CODE":"60637",
      "count":1005
    },
    {
      "ZIP_CODE":"60608",
      "count":990
    },
    {
      "ZIP_CODE":"60657",
      "count":987
    },
    {
      "ZIP_CODE":"60626",
      "count":975
    },
    {
      "ZIP_CODE":"60645",
      "count":880
    },
    {
      "ZIP_CODE":"60660",
      "count":875
    },
    {
      "ZIP_CODE":"60612",
      "count":831
    },
    {
      "ZIP_CODE":"60621",
      "count":821
    },
    {
      "ZIP_CODE":"60613",
      "count":770
    },
    {
      "ZIP_CODE":"60631",
      "count":736
    },
    {
      "ZIP_CODE":"60615",
      "count":663
    },
    {
      "ZIP_CODE":"60707",
      "count":613
    },
    {
      "ZIP_CODE":"60616",
      "count":562
    },
    {
      "ZIP_CODE":"60653",
      "count":530
    },
    {
      "ZIP_CODE":"60607",
      "count":423
    },
    {
      "ZIP_CODE":"60656",
      "count":415
    },
    {
      "ZIP_CODE":"60642",
      "count":400
    },
    {
      "ZIP_CODE":"60610",
      "count":261
    },
    {
      "ZIP_CODE":"60633",
      "count":259
    },
    {
      "ZIP_CODE":"60605",
      "count":232
    },
    {
      "ZIP_CODE":"60611",
      "count":134
    },
    {
      "ZIP_CODE":"60654",
      "count":121
    },
    {
      "ZIP_CODE":"60827",
      "count":114
    },
    {
      "ZIP_CODE":"60661",
      "count":71
    },
    {
      "ZIP_CODE":"60601",
      "count":71
    },
    {
      "ZIP_CODE":"60603",
      "count":59
    },
    {
      "ZIP_CODE":"60606",
      "count":58
    },
    {
      "ZIP_CODE":"60604",
      "count":39
    },
    {
      "ZIP_CODE":"60602",
      "count":16
    },
    {
      "ZIP_CODE":"0",
      "count":1
    }
  ]